{"stats":{"minecraft:picked_up":{"minecraft:bone":2,"born_in_chaos_v1:spiritual_dust":2,"born_in_chaos_v1:orbofthe_summoner":1,"minecraft:wheat_seeds":1,"minecraft:oak_log":5,"minecraft:mutton":6,"minecraft:white_wool":3},"minecraft:dropped":{"born_in_chaos_v1:orbofthe_summoner":1,"minecraft:wheat_seeds":1,"born_in_chaos_v1:spiritual_dust":2,"minecraft:bone":2},"minecraft:mined":{"minecraft:grass":7,"minecraft:oak_log":5,"minecraft:oak_leaves":1},"minecraft:custom":{"minecraft:time_since_rest":5027,"minecraft:play_time":5027,"minecraft:sprint_one_cm":17094,"minecraft:damage_taken":170,"minecraft:walk_one_cm":19015,"minecraft:sneak_time":20,"minecraft:mob_kills":3,"minecraft:drop":6,"minecraft:jump":132,"minecraft:damage_dealt":260,"minecraft:time_since_death":5027,"minecraft:total_world_time":5027,"minecraft:fall_one_cm":3937,"minecraft:fly_one_cm":30644},"minecraft:crafted":{"minecraft:oak_planks":20},"minecraft:killed":{"minecraft:sheep":3},"minecraft:used":{"minecraft:mutton":3}},"DataVersion":3465}