{"stats":{"minecraft:dropped":{"minecraft:wheat_seeds":1},"minecraft:killed":{"minecraft:sheep":1,"minecraft:cow":3},"minecraft:mined":{"minecraft:grass_block":1,"minecraft:grass":14,"minecraft:oak_log":8,"minecraft:dirt":2,"minecraft:tall_grass":3,"minecraft:crafting_table":1},"minecraft:picked_up":{"minecraft:crafting_table":1,"minecraft:leather":4,"minecraft:wheat_seeds":3,"minecraft:beef":5,"scalinghealth:power_crystal_shard":3,"minecraft:oak_log":8,"minecraft:dirt":3,"minecraft:mutton":1,"minecraft:white_wool":1},"minecraft:crafted":{"minecraft:oak_planks":24,"minecraft:crafting_table":1,"tombstone:grave_key":1,"minecraft:stick":4,"minecraft:wooden_pickaxe":1,"minecraft:wooden_axe":1},"minecraft:used":{"minecraft:wooden_axe":5,"minecraft:dirt":1,"minecraft:crafting_table":1,"tombstone:gift":2,"alexsmobs:animal_dictionary":1},"minecraft:custom":{"minecraft:time_since_rest":13098,"minecraft:sprint_one_cm":3242,"minecraft:play_time":37107,"minecraft:deaths":1,"minecraft:damage_taken":259,"minecraft:walk_one_cm":10350,"minecraft:mob_kills":4,"minecraft:drop":1,"minecraft:jump":110,"minecraft:damage_dealt":388,"minecraft:leave_game":3,"minecraft:time_since_death":14525,"minecraft:total_world_time":37107,"minecraft:interact_with_crafting_table":3,"minecraft:fall_one_cm":2877,"minecraft:fly_one_cm":22268}},"DataVersion":3465}